id;screen_id;name;total_seats
1;84bf2d1b-7c6d-4d4b-afb7-8f37011799f9;fatally;4047
2;95e9df85-77be-4030-a958-232d2eb90e91;trader;32520
3;394095ca-70e6-4bdc-a8ff-b8da40c3520f;terrible bonsai likewise;22856
4;057a3869-ecbf-4eac-ab4d-e8ec16a67e47;monthly town wildly;28268
5;41d81aab-076b-47d3-b498-8004fde6340b;whoever;26854
6;9bec79f7-6ec4-4db2-afbc-27918d07fd9d;drum dictator;21510
7;7bb1f074-eef5-4ffd-aa09-2a5e05ef5384;tape slight dump;15064
8;9061c6a3-d652-4a17-a9c2-b90fa90bb82b;blah wherever drink;30247
9;418d8d11-41d9-4896-a672-69497cabad2e;fearful upside-down extent;7203
10;7ba8d5dd-fa2b-443d-aaea-de431680f67f;repeatedly;11781
